{
    "display": {
        "icon": {
            "item": "minecraft:enchanting_table"
        },
        "title": {"translate":"Magicien"},
        "description": {"translate":"Etre maître et avoir acheté un livre enchanté"},
        "show_toast": true
    },
    "parent": "athlif:ages/agedudiamant",
    "rewards": {
        "function": "athlif:ages/agedelamagie"
    },
    "criteria": {
        "trade": {
            "trigger": "minecraft:villager_trade",
			"conditions": {
				"item": {
					"item": "minecraft:enchanted_book"
				}
			}
        },
        "maitre": {
            "trigger": "minecraft:location",
			"conditions": {
                "player":  {
					"player": {
						"advancements": {
							"athlif:experiences/maitre": "true"
						}
					}
				}
            }
        }
    }
}