{
    "display": {
        "icon": {
            "item": "minecraft:diamond"
        },
        "title": {"translate":"Tailleur de pierre précieuse"},
        "description": {"translate":"Etre expert et avoir 15 diamants"},
        "show_toast": true,
        "announce_to_chat": true
    },
    "parent": "athlif:ages/agedufer",
    "rewards": {
        "function": "athlif:ages/agedudiamant"
    },
    "criteria": {
        "bookshelf": {
            "trigger": "minecraft:inventory_changed",
            "conditions": {
                "items": [
                    {
                        "item": "minecraft:diamond",
						"count": {
							"min": 15
						}
                    }
                ]
            }
        },
        "expert": {
            "trigger": "minecraft:location",
            "conditions": {
                "player":  {
					"player": {
						"advancements": {
							"athlif:experiences/expert": "true"
						}
					}
				}
			}
        }
    }
}